epoch,lr-SOAP,step,train_loss,val_acc,val_loss
,1e-05,0,,,
0,,31,,0.203125,1.610307216644287
0,,31,1.6136491298675537,,
,0.000208,32,,,
1,,63,,0.203125,1.607614278793335
1,,63,1.611839771270752,,
,0.00040599999999999995,64,,,
2,,95,,0.234375,1.6029729843139648
2,,95,1.6073535680770874,,
,0.0006039999999999999,96,,,
3,,127,,0.421875,1.5957024097442627
3,,127,1.6005159616470337,,
,0.0008019999999999999,128,,,
4,,159,,0.421875,1.5836557149887085
4,,159,1.5893868207931519,,
,0.001,160,,,
5,,191,,0.453125,1.5618715286254883
5,,191,1.5735944509506226,,
,0.0009999960999478002,192,,,
6,,223,,0.421875,1.5280187129974365
6,,223,1.5442458391189575,,
,0.0009999843998521037,224,,,
7,,255,,0.4375,1.474468469619751
7,,255,1.502003788948059,,
,0.000999964899895617,256,,,
8,,287,,0.453125,1.393738031387329
8,,287,1.4501515626907349,,
,0.000999937600382848,288,,,
9,,319,,0.5,1.2838406562805176
9,,319,1.3675084114074707,,
,0.0009999025017401013,320,,,
10,,351,,0.484375,1.1815848350524902
10,,351,1.2863825559616089,,
,0.0009998596045154705,352,,,
11,,383,,0.53125,1.111514925956726
11,,383,1.2567291259765625,,
,0.000999808909378832,384,,,
12,,415,,0.515625,1.0777506828308105
12,,415,1.2345445156097412,,
,0.0009997504171218316,416,,,
13,,447,,0.5,1.0693141222000122
13,,447,1.171682357788086,,
,0.0009996841286578745,448,,,
14,,479,,0.5625,1.036289930343628
14,,479,1.1022902727127075,,
,0.0009996100450221093,480,,,
15,,511,,0.578125,0.9947628974914551
15,,511,1.1026946306228638,,
,0.0009995281673714131,512,,,
16,,543,,0.609375,0.9543190598487854
16,,543,1.050109624862671,,
,0.0009994384969843732,544,,,
17,,575,,0.671875,0.8841159343719482
17,,575,1.0777753591537476,,
,0.0009993410352612667,576,,,
18,,607,,0.671875,0.8489583730697632
18,,607,1.0486741065979004,,
,0.0009992357837240386,608,,,
19,,639,,0.71875,0.7829916477203369
19,,639,0.9516733288764954,,
,0.0009991227440162786,640,,,
20,,671,,0.765625,0.7347202301025391
20,,671,0.9557996988296509,,
,0.0009990019179031944,672,,,
21,,703,,0.71875,0.7563315033912659
21,,703,0.9271987676620483,,
,0.0009988733072715862,704,,,
22,,735,,0.75,0.7221810817718506
22,,735,0.9598170518875122,,
,0.0009987369141298144,736,,,
23,,767,,0.765625,0.6955834627151489
23,,767,0.8862425684928894,,
,0.0009985927406077708,768,,,
24,,799,,0.75,0.6767727136611938
24,,799,0.9429079294204712,,
,0.0009984407889568438,800,,,
25,,831,,0.78125,0.6667169332504272
25,,831,0.875996470451355,,
,0.0009982810615498836,832,,,
26,,863,,0.765625,0.6853650212287903
26,,863,0.8614731431007385,,
,0.0009981135608811654,864,,,
27,,895,,0.765625,0.5906617045402527
27,,895,0.8038239479064941,,
,0.0009979382895663504,896,,,
28,,927,,0.8125,0.5819982290267944
28,,927,0.9247258901596069,,
,0.0009977552503424444,928,,,
29,,959,,0.8125,0.5976696014404297
29,,959,0.8514888286590576,,
,0.000997564446067756,960,,,
30,,991,,0.796875,0.5847998857498169
30,,991,0.8975956439971924,,
,0.0009973658797218512,992,,,
31,,1023,,0.796875,0.5594516396522522
31,,1023,0.8873395919799805,,
,0.0009971595544055075,1024,,,
32,,1055,,0.796875,0.5687727332115173
32,,1055,0.8637900352478027,,
,0.0009969454733406646,1056,,,
33,,1087,,0.78125,0.5783096551895142
33,,1087,0.7887614369392395,,
,0.000996723639870375,1088,,,
34,,1119,,0.8125,0.6110763549804688
34,,1119,0.879170835018158,,
,0.0009964940574587512,1120,,,
35,,1151,,0.78125,0.6202773451805115
35,,1151,0.8050192594528198,,
,0.000996256729690912,1152,,,
36,,1183,,0.765625,0.5676007270812988
36,,1183,0.8317828178405762,,
,0.000996011660272926,1184,,,
37,,1215,,0.796875,0.6134663820266724
37,,1215,0.9055776000022888,,
,0.0009957588530317542,1216,,,
38,,1247,,0.828125,0.5377954840660095
38,,1247,0.8401885628700256,,
,0.0009954983119151906,1248,,,
39,,1279,,0.78125,0.5470813512802124
39,,1279,0.7652482986450195,,
,0.0009952300409917993,1280,,,
40,,1311,,0.828125,0.5518747568130493
40,,1311,0.7828737497329712,,
,0.0009949540444508518,1312,,,
41,,1343,,0.8125,0.5481798648834229
41,,1343,0.9401776790618896,,
,0.0009946703266022617,1344,,,
42,,1375,,0.8125,0.5116329193115234
42,,1375,0.8467586636543274,,
,0.0009943788918765175,1376,,,
43,,1407,,0.828125,0.5200477838516235
43,,1407,0.8155810236930847,,
,0.0009940797448246127,1408,,,
44,,1439,,0.8125,0.6100777983665466
44,,1439,0.779562771320343,,
,0.000993772890117975,1440,,,
45,,1471,,0.796875,0.600919246673584
45,,1471,0.8213872313499451,,
,0.0009934583325483938,1472,,,
46,,1503,,0.796875,0.5810658931732178
46,,1503,0.8463239073753357,,
,0.0009931360770279447,1504,,,
47,,1535,,0.8125,0.559028148651123
47,,1535,0.8210892081260681,,
,0.0009928061285889135,1536,,,
48,,1567,,0.828125,0.5331479907035828
48,,1567,0.7423322796821594,,
,0.0009924684923837176,1568,,,
49,,1599,,0.734375,0.650483250617981
49,,1599,0.8946077823638916,,
,0.0009921231736848243,1600,,,
50,,1631,,0.796875,0.5835581421852112
50,,1631,0.7808806896209717,,
,0.00099177017788467,1632,,,
51,,1663,,0.828125,0.47171133756637573
51,,1663,0.7648174166679382,,
,0.000991409510495575,1664,,,
52,,1695,,0.796875,0.5191344022750854
52,,1695,0.7727195620536804,,
,0.0009910411771496582,1696,,,
53,,1727,,0.828125,0.5346058011054993
53,,1727,0.7601126432418823,,
,0.0009906651835987486,1728,,,
54,,1759,,0.8125,0.552251935005188
54,,1759,0.7977150678634644,,
,0.0009902815357142954,1760,,,
55,,1791,,0.78125,0.5793514847755432
55,,1791,0.7738660573959351,,
,0.0009898902394872766,1792,,,
56,,1823,,0.796875,0.5474013090133667
56,,1823,0.7562623023986816,,
,0.0009894913010281058,1824,,,
57,,1855,,0.8125,0.5230046510696411
57,,1855,0.7913435101509094,,
,0.0009890847265665358,1856,,,
58,,1887,,0.796875,0.5739052295684814
58,,1887,0.792287290096283,,
,0.000988670522451562,1888,,,
59,,1919,,0.8125,0.5496653318405151
59,,1919,0.7161330580711365,,
,0.0009882486951513232,1920,,,
60,,1951,,0.828125,0.5610398650169373
60,,1951,0.7798317074775696,,
,0.0009878192512530006,1952,,,
61,,1983,,0.859375,0.5079385042190552
61,,1983,0.7796580791473389,,
,0.000987382197462715,1984,,,
62,,2015,,0.828125,0.553508996963501
62,,2015,0.8925341367721558,,
,0.0009869375406054216,2016,,,
63,,2047,,0.8125,0.5775889754295349
63,,2047,0.7581964135169983,,
,0.000986485287624804,2048,,,
64,,2079,,0.8125,0.5354620814323425
64,,2079,0.7593799233436584,,
,0.0009860254455831652,2080,,,
65,,2111,,0.796875,0.5982658267021179
65,,2111,0.8702839612960815,,
,0.0009855580216613178,2112,,,
66,,2143,,0.78125,0.6022272109985352
66,,2143,0.8185516595840454,,
,0.0009850830231584722,2144,,,
67,,2175,,0.828125,0.547417402267456
67,,2175,0.8835842609405518,,
,0.0009846004574921214,2176,,,
68,,2207,,0.859375,0.5166106224060059
68,,2207,0.7996054291725159,,
,0.0009841103321979263,2208,,,
69,,2239,,0.859375,0.5039771199226379
69,,2239,0.8075787425041199,,
,0.0009836126549295976,2240,,,
70,,2271,,0.734375,0.628990888595581
70,,2271,0.7254856824874878,,
,0.0009831074334587762,2272,,,
71,,2303,,0.8125,0.5906535983085632
71,,2303,0.8314956426620483,,
,0.0009825946756749121,2304,,,
72,,2335,,0.828125,0.5561721324920654
72,,2335,0.7858949899673462,,
,0.0009820743895851405,2336,,,
73,,2367,,0.84375,0.48348143696784973
73,,2367,0.777715265750885,,
,0.0009815465833141583,2368,,,
74,,2399,,0.84375,0.5026837587356567
74,,2399,0.763819694519043,,
,0.0009810112651040953,2400,,,
75,,2431,,0.828125,0.5550904870033264
75,,2431,0.8051044344902039,,
,0.000980468443314387,2432,,,
76,,2463,,0.796875,0.5506980419158936
76,,2463,0.811780571937561,,
,0.0009799181264216429,2464,,,
77,,2495,,0.796875,0.579406201839447
77,,2495,0.7597343325614929,,
,0.0009793603230195155,2496,,,
78,,2527,,0.8125,0.5390180349349976
78,,2527,0.673957347869873,,
,0.0009787950418185649,2528,,,
79,,2559,,0.84375,0.5197573900222778
79,,2559,0.8242424726486206,,
,0.0009782222916461228,2560,,,
80,,2591,,0.859375,0.5105572938919067
80,,2591,0.796293318271637,,
,0.0009776420814461557,2592,,,
81,,2623,,0.828125,0.5206224918365479
81,,2623,0.6613802313804626,,
,0.0009770544202791244,2624,,,
82,,2655,,0.828125,0.5040695071220398
82,,2655,0.7492953538894653,,
,0.0009764593173218426,2656,,,
83,,2687,,0.828125,0.47904205322265625
83,,2687,0.7227337956428528,,
,0.0009758567818673335,2688,,,
84,,2719,,0.859375,0.46162229776382446
84,,2719,0.7457681894302368,,
,0.0009752468233246854,2720,,,
85,,2751,,0.859375,0.5356895923614502
85,,2751,0.8437867760658264,,
,0.0009746294512189037,2752,,,
86,,2783,,0.84375,0.5491894483566284
86,,2783,0.7924127578735352,,
,0.0009740046751907629,2784,,,
87,,2815,,0.8125,0.5596571564674377
87,,2815,0.7158834338188171,,
,0.0009733725049966561,2816,,,
88,,2847,,0.8125,0.5392482280731201
88,,2847,0.7772649526596069,,
,0.0009727329505084418,2848,,,
89,,2879,,0.8125,0.4985066056251526
89,,2879,0.8361045718193054,,
,0.0009720860217132913,2880,,,
90,,2911,,0.84375,0.49373751878738403
90,,2911,0.7977291941642761,,
,0.0009714317287135306,2912,,,
91,,2943,,0.859375,0.5124361515045166
91,,2943,0.8709363341331482,,
,0.0009707700817264851,2944,,,
92,,2975,,0.875,0.534103274345398
92,,2975,0.8038043975830078,,
,0.0009701010910843175,2976,,,
93,,3007,,0.84375,0.5375074148178101
93,,3007,0.7648070454597473,,
,0.0009694247672338685,3008,,,
94,,3039,,0.84375,0.49934250116348267
94,,3039,0.8501980900764465,,
,0.000968741120736493,3040,,,
95,,3071,,0.84375,0.5045236349105835
95,,3071,0.7264083027839661,,
,0.0009680501622678947,3072,,,
96,,3103,,0.8125,0.5229421854019165
96,,3103,0.7585384845733643,,
,0.0009673519026179597,3104,,,
97,,3135,,0.875,0.49712052941322327
97,,3135,0.7279626131057739,,
,0.0009666463526905884,3136,,,
98,,3167,,0.78125,0.5675891041755676
98,,3167,0.7643548846244812,,
,0.0009659335235035246,3168,,,
99,,3199,,0.8125,0.5074880123138428
99,,3199,0.728147029876709,,
,0.000965213426188184,3200,,,
100,,3231,,0.828125,0.503136396408081
100,,3231,0.7567603588104248,,
,0.0009644860719894799,3232,,,
101,,3263,,0.828125,0.5073690414428711
101,,3263,0.7488906383514404,,
,0.000963751472265648,3264,,,
102,,3295,,0.78125,0.569208025932312
102,,3295,0.7440000772476196,,
,0.0009630096384880685,3296,,,
103,,3327,,0.8125,0.538472592830658
103,,3327,0.8782848119735718,,
,0.000962260582241088,3328,,,
104,,3359,,0.8125,0.5182768106460571
104,,3359,0.674569845199585,,
,0.000961504315221837,3360,,,
105,,3391,,0.8125,0.5390150547027588
105,,3391,0.76997971534729,,
,0.0009607408492400489,3392,,,
106,,3423,,0.875,0.4874250888824463
106,,3423,0.8358926773071289,,
,0.0009599701962178747,3424,,,
107,,3455,,0.765625,0.5467517375946045
107,,3455,0.7791153788566589,,
,0.0009591923681896967,3456,,,
108,,3487,,0.8125,0.5136151313781738
108,,3487,0.7658094167709351,,
,0.0009584073773019409,3488,,,
109,,3519,,0.84375,0.5270463824272156
109,,3519,0.807852566242218,,
,0.0009576152358128874,3520,,,
110,,3551,,0.828125,0.5553203821182251
110,,3551,0.8630500435829163,,
,0.0009568159560924789,3552,,,
111,,3583,,0.828125,0.5583677291870117
111,,3583,0.8107136487960815,,
,0.0009560095506221272,3584,,,
112,,3615,,0.796875,0.5334359407424927
112,,3615,0.6706092357635498,,
,0.0009551960319945186,3616,,,
113,,3647,,0.796875,0.581785261631012
113,,3647,0.7551051378250122,,
,0.0009543754129134176,3648,,,
114,,3679,,0.796875,0.5666986703872681
114,,3679,0.7832314968109131,,
,0.0009535477061934676,3680,,,
115,,3711,,0.796875,0.5612210631370544
115,,3711,0.7194132208824158,,
,0.0009527129247599917,3712,,,
116,,3743,,0.875,0.4993266761302948
116,,3743,0.7794121503829956,,
,0.0009518710816487902,3744,,,
117,,3775,,0.796875,0.52763432264328
117,,3775,0.7014366984367371,,
,0.0009510221900059377,3776,,,
118,,3807,,0.828125,0.5300409197807312
118,,3807,0.6576536297798157,,
,0.0009501662630875771,3808,,,
119,,3839,,0.84375,0.5013078451156616
119,,3839,0.8136209845542908,,
,0.0009493033142597131,3840,,,
120,,3871,,0.8125,0.5237522721290588
120,,3871,0.8172078132629395,,
,0.0009484333569980033,3872,,,
121,,3903,,0.78125,0.5527095198631287
121,,3903,0.7644186019897461,,
,0.0009475564048875476,3904,,,
122,,3935,,0.84375,0.480631947517395
122,,3935,0.7722378969192505,,
,0.0009466724716226765,3936,,,
123,,3967,,0.890625,0.47249892354011536
123,,3967,0.7689811587333679,,
,0.0009457815710067369,3968,,,
124,,3999,,0.875,0.5072121024131775
124,,3999,0.7487228512763977,,
,0.0009448837169518763,4000,,,
125,,4031,,0.8125,0.5628145337104797
125,,4031,0.8389462232589722,,
,0.0009439789234788262,4032,,,
126,,4063,,0.84375,0.5196037292480469
126,,4063,0.8479924201965332,,
,0.000943067204716683,4064,,,
127,,4095,,0.828125,0.4913071393966675
127,,4095,0.6849247813224792,,
,0.0009421485749026867,4096,,,
128,,4127,,0.84375,0.5119546055793762
128,,4127,0.7742214798927307,,
,0.0009412230483819997,4128,,,
129,,4159,,0.796875,0.5371854305267334
129,,4159,0.7569485306739807,,
,0.0009402906396074818,4160,,,
130,,4191,,0.796875,0.5639439821243286
130,,4191,0.7995861172676086,,
,0.0009393513631394648,4192,,,
131,,4223,,0.890625,0.4874879717826843
131,,4223,0.7708572745323181,,
,0.0009384052336455251,4224,,,
132,,4255,,0.859375,0.46061405539512634
132,,4255,0.8148037195205688,,
,0.0009374522659002553,4256,,,
133,,4287,,0.84375,0.5168837308883667
133,,4287,0.7056228518486023,,
,0.0009364924747850324,4288,,,
134,,4319,,0.796875,0.5598018765449524
134,,4319,0.729209303855896,,
,0.0009355258752877861,4320,,,
135,,4351,,0.828125,0.5126498937606812
135,,4351,0.8102894425392151,,
,0.0009345524825027647,4352,,,
136,,4383,,0.859375,0.4728289842605591
136,,4383,0.8326922655105591,,
,0.0009335723116302992,4384,,,
137,,4415,,0.828125,0.5180181264877319
137,,4415,0.7307436466217041,,
,0.000932585377976566,4416,,,
138,,4447,,0.8125,0.5521974563598633
138,,4447,0.7956984043121338,,
,0.0009315916969533481,4448,,,
139,,4479,,0.859375,0.5021814107894897
139,,4479,0.6624266505241394,,
,0.0009305912840777939,4480,,,
140,,4511,,0.828125,0.5179282426834106
140,,4511,0.7851029634475708,,
,0.0009295841549721755,4512,,,
141,,4543,,0.828125,0.5204920172691345
141,,4543,0.7595774531364441,,
,0.0009285703253636444,4544,,,
142,,4575,,0.875,0.4690358638763428
142,,4575,0.8245958685874939,,
,0.0009275498110839862,4576,,,
143,,4607,,0.875,0.49595907330513
143,,4607,0.7794231176376343,,
,0.0009265226280693724,4608,,,
144,,4639,,0.8125,0.5495988130569458
144,,4639,0.842843770980835,,
,0.0009254887923601133,4640,,,
145,,4671,,0.8125,0.5495434999465942
145,,4671,0.7388452887535095,,
,0.0009244483201004056,4672,,,
146,,4703,,0.75,0.5724678039550781
146,,4703,0.7227402329444885,,
,0.000923401227538082,4704,,,
147,,4735,,0.796875,0.5178874135017395
147,,4735,0.7162225842475891,,
,0.0009223475310243561,4736,,,
148,,4767,,0.8125,0.5247023701667786
148,,4767,0.7686260342597961,,
,0.0009212872470135679,4768,,,
149,,4799,,0.875,0.4831710159778595
149,,4799,0.7421074509620667,,
,0.0009202203920629265,4800,,,
150,,4831,,0.84375,0.4839893877506256
150,,4831,0.7820057272911072,,
,0.0009191469828322519,4832,,,
151,,4863,,0.828125,0.4504842758178711
151,,4863,0.7030872702598572,,
,0.0009180670360837144,4864,,,
152,,4895,,0.84375,0.4664091467857361
152,,4895,0.7274386882781982,,
,0.0009169805686815727,4896,,,
153,,4927,,0.84375,0.4619200825691223
153,,4927,0.7504866123199463,,
,0.0009158875975919116,4928,,,
154,,4959,,0.859375,0.4763636291027069
154,,4959,0.7585748434066772,,
,0.0009147881398823758,4960,,,
155,,4991,,0.84375,0.4502117931842804
155,,4991,0.6898466944694519,,
,0.0009136822127219039,4992,,,
156,,5023,,0.875,0.4379439353942871
156,,5023,0.7677847146987915,,
,0.0009125698333804608,5024,,,
157,,5055,,0.875,0.436231791973114
157,,5055,0.7723841667175293,,
,0.0009114510192287669,5056,,,
158,,5087,,0.859375,0.4960040748119354
158,,5087,0.8299893736839294,,
,0.000910325787738028,5088,,,
159,,5119,,0.828125,0.5211647152900696
159,,5119,0.7299033403396606,,
,0.0009091941564796617,5120,,,
160,,5151,,0.859375,0.48311325907707214
160,,5151,0.7462130188941956,,
,0.0009080561431250232,5152,,,
161,,5183,,0.84375,0.48500925302505493
161,,5183,0.7318307161331177,,
,0.0009069117654451295,5184,,,
162,,5215,,0.859375,0.505152702331543
162,,5215,0.7847217917442322,,
,0.0009057610413103818,5216,,,
163,,5247,,0.875,0.4850841164588928
163,,5247,0.7215211391448975,,
,0.0009046039886902862,5248,,,
164,,5279,,0.84375,0.47939828038215637
164,,5279,0.7854138612747192,,
,0.0009034406256531737,5280,,,
165,,5311,,0.84375,0.5168064832687378
165,,5311,0.8016983866691589,,
,0.0009022709703659173,5312,,,
166,,5343,,0.859375,0.487532377243042
166,,5343,0.7425017356872559,,
,0.0009010950410936489,5344,,,
167,,5375,,0.875,0.4381633400917053
167,,5375,0.679548978805542,,
,0.0008999128561994738,5376,,,
168,,5407,,0.828125,0.5113281607627869
168,,5407,0.7505455613136292,,
,0.0008987244341441842,5408,,,
169,,5439,,0.8125,0.5585613250732422
169,,5439,0.743817150592804,,
,0.0008975297934859701,5440,,,
170,,5471,,0.796875,0.5688625574111938
170,,5471,0.8052821159362793,,
,0.0008963289528801305,5472,,,
171,,5503,,0.84375,0.4849727153778076
171,,5503,0.6732128262519836,,
,0.0008951219310787821,5504,,,
172,,5535,,0.84375,0.4839383065700531
172,,5535,0.7342175245285034,,
,0.0008939087469305654,5536,,,
173,,5567,,0.84375,0.5283530354499817
173,,5567,0.8049231767654419,,
,0.0008926894193803513,5568,,,
174,,5599,,0.796875,0.5414851903915405
174,,5599,0.805626392364502,,
,0.000891463967468945,5600,,,
175,,5631,,0.859375,0.4909401535987854
175,,5631,0.8091940879821777,,
,0.0008902324103327886,5632,,,
176,,5663,,0.84375,0.5317256450653076
176,,5663,0.7830738425254822,,
,0.0008889947672036625,5664,,,
177,,5695,,0.859375,0.5064122676849365
177,,5695,0.7459086179733276,,
,0.0008877510574083846,5696,,,
178,,5727,,0.875,0.517270565032959
178,,5727,0.7690200805664062,,
,0.0008865013003685089,5728,,,
179,,5759,,0.859375,0.5382922887802124
179,,5759,0.7184167504310608,,
,0.0008852455156000224,5760,,,
180,,5791,,0.84375,0.5203337669372559
180,,5791,0.7999496459960938,,
,0.0008839837227130397,5792,,,
181,,5823,,0.84375,0.444455087184906
181,,5823,0.6464669704437256,,
,0.000882715941411497,5824,,,
182,,5855,,0.859375,0.4751168489456177
182,,5855,0.8299967646598816,,
,0.0008814421914928452,5856,,,
183,,5887,,0.859375,0.5003901720046997
183,,5887,0.7590429782867432,,
,0.0008801624928477393,5888,,,
184,,5919,,0.859375,0.46052461862564087
184,,5919,0.6595221757888794,,
,0.0008788768654597292,5920,,,
185,,5951,,0.84375,0.5028209686279297
185,,5951,0.7671111226081848,,
,0.0008775853294049464,5952,,,
186,,5983,,0.828125,0.5447958111763
186,,5983,0.7055603861808777,,
,0.0008762879048517916,5984,,,
187,,6015,,0.890625,0.4602399468421936
187,,6015,0.6904672384262085,,
,0.0008749846120606189,6016,,,
188,,6047,,0.84375,0.4927320182323456
188,,6047,0.8070354461669922,,
,0.0008736754713834203,6048,,,
189,,6079,,0.890625,0.46834611892700195
189,,6079,0.7861833572387695,,
,0.0008723605032635068,6080,,,
190,,6111,,0.859375,0.48668158054351807
190,,6111,0.6801462173461914,,
,0.0008710397282351899,6112,,,
191,,6143,,0.875,0.49717408418655396
191,,6143,0.7819260358810425,,
,0.0008697131669234609,6144,,,
192,,6175,,0.84375,0.529910147190094
192,,6175,0.7647607922554016,,
,0.0008683808400436687,6176,,,
193,,6207,,0.828125,0.5346406698226929
193,,6207,0.7056787014007568,,
,0.0008670427684011959,6208,,,
194,,6239,,0.890625,0.4659985303878784
194,,6239,0.6444100141525269,,
,0.0008656989728911349,6240,,,
195,,6271,,0.859375,0.4823899269104004
195,,6271,0.7525009512901306,,
,0.0008643494744979607,6272,,,
196,,6303,,0.890625,0.43044909834861755
196,,6303,0.767855167388916,,
,0.0008629942942952033,6304,,,
197,,6335,,0.875,0.469442754983902
197,,6335,0.7544738054275513,,
,0.0008616334534451194,6336,,,
198,,6367,,0.859375,0.527919352054596
198,,6367,0.7294467091560364,,
,0.0008602669731983607,6368,,,
199,,6399,,0.828125,0.5204406976699829
199,,6399,0.7287811636924744,,
,0.0008588948748936432,6400,,,
200,,6431,,0.859375,0.4807731807231903
200,,6431,0.7979328036308289,,
,0.0008575171799574136,6432,,,
201,,6463,,0.90625,0.4934966564178467
201,,6463,0.6954230666160583,,
,0.0008561339099035142,6464,,,
202,,6495,,0.875,0.5101110935211182
202,,6495,0.7183945178985596,,
,0.0008547450863328476,6496,,,
203,,6527,,0.90625,0.4546772241592407
203,,6527,0.6997488737106323,,
,0.0008533507309330391,6528,,,
204,,6559,,0.890625,0.48706918954849243
204,,6559,0.7837120294570923,,
,0.0008519508654780982,6560,,,
205,,6591,,0.890625,0.5000998377799988
205,,6591,0.7404689192771912,,
,0.0008505455118280783,6592,,,
206,,6623,,0.90625,0.4547150135040283
206,,6623,0.7558962106704712,,
,0.0008491346919287355,6624,,,
207,,6655,,0.875,0.47909635305404663
207,,6655,0.6546964049339294,,
,0.0008477184278111859,6656,,,
208,,6687,,0.859375,0.48766717314720154
208,,6687,0.7105261087417603,,
,0.0008462967415915616,6688,,,
209,,6719,,0.890625,0.4702967405319214
209,,6719,0.8139693140983582,,
,0.0008448696554706652,6720,,,
210,,6751,,0.84375,0.5005221366882324
210,,6751,0.7373166680335999,,
,0.0008434371917336235,6752,,,
211,,6783,,0.859375,0.49615034461021423
211,,6783,0.762474000453949,,
,0.0008419993727495388,6784,,,
212,,6815,,0.859375,0.46145501732826233
212,,6815,0.7211435437202454,,
,0.0008405562209711402,6816,,,
213,,6847,,0.828125,0.5291626453399658
213,,6847,0.7830865383148193,,
,0.0008391077589344328,6848,,,
214,,6879,,0.859375,0.5400148630142212
214,,6879,0.7469703555107117,,
,0.0008376540092583458,6880,,,
215,,6911,,0.828125,0.5511047840118408
215,,6911,0.779606819152832,,
,0.0008361949946443792,6912,,,
216,,6943,,0.84375,0.5221476554870605
216,,6943,0.8266578912734985,,
,0.0008347307378762494,6944,,,
217,,6975,,0.828125,0.5449638962745667
217,,6975,0.7485156655311584,,
,0.0008332612618195331,6976,,,
218,,7007,,0.8125,0.5596954822540283
218,,7007,0.7526385188102722,,
,0.0008317865894213107,7008,,,
219,,7039,,0.859375,0.5374608039855957
219,,7039,0.8177157640457153,,
,0.000830306743709808,7040,,,
220,,7071,,0.859375,0.5069022178649902
220,,7071,0.7592479586601257,,
,0.0008288217477940358,7072,,,
221,,7103,,0.875,0.4460160732269287
221,,7103,0.7571630477905273,,
,0.00082733162486343,7104,,,
222,,7135,,0.84375,0.5365769863128662
222,,7135,0.7231671214103699,,
,0.0008258363981874891,7136,,,
223,,7167,,0.828125,0.5285744071006775
223,,7167,0.7231650948524475,,
,0.0008243360911154103,7168,,,
224,,7199,,0.875,0.4878859519958496
224,,7199,0.7769577503204346,,
,0.000822830727075726,7200,,,
225,,7231,,0.890625,0.45903319120407104
225,,7231,0.733110785484314,,
,0.000821320329575937,7232,,,
226,,7263,,0.84375,0.5041974186897278
226,,7263,0.7225977778434753,,
,0.0008198049222021457,7264,,,
227,,7295,,0.859375,0.5047260522842407
227,,7295,0.7049772143363953,,
,0.0008182845286186881,7296,,,
228,,7327,,0.890625,0.4931178092956543
228,,7327,0.7396789789199829,,
,0.0008167591725677635,7328,,,
229,,7359,,0.859375,0.5126571655273438
229,,7359,0.7791163921356201,,
,0.0008152288778690645,7360,,,
230,,7391,,0.84375,0.4903479516506195
230,,7391,0.7609796524047852,,
,0.0008136936684194048,7392,,,
231,,7423,,0.875,0.485271155834198
231,,7423,0.6837471723556519,,
,0.0008121535681923458,7424,,,
232,,7455,,0.84375,0.4722898006439209
232,,7455,0.7674217820167542,,
,0.0008106086012378228,7456,,,
233,,7487,,0.84375,0.5109461545944214
233,,7487,0.692557156085968,,
,0.0008090587916817685,7488,,,
234,,7519,,0.875,0.47303542494773865
234,,7519,0.7445850968360901,,
,0.0008075041637257375,7520,,,
235,,7551,,0.875,0.48763221502304077
235,,7551,0.816215455532074,,
,0.000805944741646527,7552,,,
236,,7583,,0.796875,0.5469452738761902
236,,7583,0.7260420322418213,,
,0.0008043805497957988,7584,,,
237,,7615,,0.828125,0.5136033892631531
237,,7615,0.7972608208656311,,
,0.0008028116125996987,7616,,,
238,,7647,,0.859375,0.4586319923400879
238,,7647,0.67311692237854,,
,0.0008012379545584746,7648,,,
239,,7679,,0.8125,0.4955153167247772
239,,7679,0.73332279920578,,
,0.0007996596002460943,7680,,,
240,,7711,,0.859375,0.4900095462799072
240,,7711,0.8300256133079529,,
,0.0007980765743098624,7712,,,
241,,7743,,0.859375,0.4613879323005676
241,,7743,0.7771171927452087,,
,0.0007964889014700341,7744,,,
242,,7775,,0.859375,0.49633124470710754
242,,7775,0.745853841304779,,
,0.0007948966065194297,7776,,,
243,,7807,,0.859375,0.49453771114349365
243,,7807,0.7599144577980042,,
,0.0007932997143230484,7808,,,
244,,7839,,0.859375,0.469699889421463
244,,7839,0.6673844456672668,,
,0.0007916982498176783,7840,,,
245,,7871,,0.828125,0.4883933663368225
245,,7871,0.7481460571289062,,
,0.0007900922380115086,7872,,,
246,,7903,,0.859375,0.48352301120758057
246,,7903,0.6882883310317993,,
,0.0007884817039837378,7904,,,
247,,7935,,0.84375,0.46637463569641113
247,,7935,0.723204493522644,,
,0.0007868666728841828,7936,,,
248,,7967,,0.84375,0.4630720615386963
248,,7967,0.6989503502845764,,
,0.0007852471699328862,7968,,,
249,,7999,,0.84375,0.47036030888557434
249,,7999,0.7914637327194214,,
,0.0007836232204197219,8000,,,
250,,8031,,0.84375,0.47194334864616394
250,,8031,0.6815438270568848,,
,0.0007819948497040005,8032,,,
251,,8063,,0.875,0.44562920928001404
251,,8063,0.7017583250999451,,
,0.0007803620832140739,8064,,,
252,,8095,,0.90625,0.39300471544265747
252,,8095,0.7508362531661987,,
,0.000778724946446937,8096,,,
253,,8127,,0.875,0.4583113193511963
253,,8127,0.7502255439758301,,
,0.0007770834649678308,8128,,,
254,,8159,,0.859375,0.49794796109199524
254,,8159,0.7976830005645752,,
,0.0007754376644098417,8160,,,
255,,8191,,0.859375,0.45569467544555664
255,,8191,0.7879137992858887,,
,0.0007737875704735028,8192,,,
256,,8223,,0.859375,0.47978365421295166
256,,8223,0.6516703963279724,,
,0.0007721332089263916,8224,,,
257,,8255,,0.859375,0.47482532262802124
257,,8255,0.8448516726493835,,
,0.0007704746056027282,8256,,,
258,,8287,,0.875,0.44617947936058044
258,,8287,0.7363682389259338,,
,0.0007688117864029706,8288,,,
259,,8319,,0.84375,0.43203985691070557
259,,8319,0.7166563272476196,,
,0.0007671447772934123,8320,,,
260,,8351,,0.84375,0.5058034658432007
260,,8351,0.8293101191520691,,
,0.0007654736043057754,8352,,,
261,,8383,,0.859375,0.474333256483078
261,,8383,0.7784809470176697,,
,0.0007637982935368035,8384,,,
262,,8415,,0.828125,0.4717465937137604
262,,8415,0.7042911052703857,,
,0.0007621188711478561,8416,,,
263,,8447,,0.828125,0.48677778244018555
263,,8447,0.7524141073226929,,
,0.0007604353633644987,8448,,,
264,,8479,,0.859375,0.4710409343242645
264,,8479,0.8157047033309937,,
,0.0007587477964760936,8480,,,
265,,8511,,0.859375,0.4165976941585541
265,,8511,0.6914178133010864,,
,0.0007570561968353893,8512,,,
266,,8543,,0.875,0.4247952103614807
266,,8543,0.7186709046363831,,
,0.0007553605908581092,8544,,,
267,,8575,,0.875,0.4457518458366394
267,,8575,0.7320945262908936,,
,0.0007536610050225391,8576,,,
268,,8607,,0.859375,0.46587055921554565
268,,8607,0.7121425867080688,,
,0.0007519574658691129,8608,,,
269,,8639,,0.90625,0.42142990231513977
269,,8639,0.801421046257019,,
,0.0007502499999999994,8640,,,
270,,8671,,0.859375,0.5015358924865723
270,,8671,0.7652565836906433,,
,0.0007485386340786863,8672,,,
271,,8703,,0.84375,0.5112226605415344
271,,8703,0.6899935603141785,,
,0.0007468233948295635,8704,,,
272,,8735,,0.8125,0.533604621887207
272,,8735,0.7586132884025574,,
,0.0007451043090375066,8736,,,
273,,8767,,0.875,0.4806331992149353
273,,8767,0.7638029456138611,,
,0.0007433814035474575,8768,,,
274,,8799,,0.90625,0.4201124310493469
274,,8799,0.681380033493042,,
,0.0007416547052640065,8800,,,
275,,8831,,0.921875,0.45212453603744507
275,,8831,0.6862901449203491,,
,0.0007399242411509708,8832,,,
276,,8863,,0.84375,0.4639264643192291
276,,8863,0.7607619762420654,,
,0.0007381900382309748,8864,,,
277,,8895,,0.859375,0.5301100015640259
277,,8895,0.7063274383544922,,
,0.000736452123585027,8896,,,
278,,8927,,0.890625,0.5079739689826965
278,,8927,0.68321692943573,,
,0.000734710524352098,8928,,,
279,,8959,,0.875,0.48506516218185425
279,,8959,0.6928828954696655,,
,0.0007329652677286956,8960,,,
280,,8991,,0.84375,0.4907619059085846
280,,8991,0.6634911894798279,,
,0.0007312163809684413,8992,,,
281,,9023,,0.890625,0.4828876852989197
281,,9023,0.784974992275238,,
,0.0007294638913816441,9024,,,
282,,9055,,0.890625,0.4599703550338745
282,,9055,0.7206024527549744,,
,0.0007277078263348741,9056,,,
283,,9087,,0.859375,0.5004937648773193
283,,9087,0.7542064189910889,,
,0.0007259482132505348,9088,,,
284,,9119,,0.890625,0.453374445438385
284,,9119,0.7849681377410889,,
,0.0007241850796064359,9120,,,
285,,9151,,0.875,0.4389599859714508
285,,9151,0.7018460631370544,,
,0.000722418452935363,9152,,,
286,,9183,,0.859375,0.46360135078430176
286,,9183,0.732857346534729,,
,0.0007206483608246484,9184,,,
287,,9215,,0.84375,0.43882888555526733
287,,9215,0.7553040385246277,,
,0.00071887483091574,9216,,,
288,,9247,,0.875,0.462201327085495
288,,9247,0.7811611890792847,,
,0.0007170978909037697,9248,,,
289,,9279,,0.859375,0.45226120948791504
289,,9279,0.6599264144897461,,
,0.0007153175685371215,9280,,,
290,,9311,,0.890625,0.45907580852508545
290,,9311,0.8049721717834473,,
,0.0007135338916169968,9312,,,
291,,9343,,0.875,0.4919247329235077
291,,9343,0.7119008898735046,,
,0.0007117468879969819,9344,,,
292,,9375,,0.875,0.4796382486820221
292,,9375,0.763368546962738,,
,0.0007099565855826118,9376,,,
293,,9407,,0.875,0.4878263473510742
293,,9407,0.6847994923591614,,
,0.000708163012330935,9408,,,
294,,9439,,0.875,0.44673529267311096
294,,9439,0.8065975904464722,,
,0.000706366196250077,9440,,,
295,,9471,,0.90625,0.42977845668792725
295,,9471,0.6988559365272522,,
,0.0007045661653988024,9472,,,
296,,9503,,0.890625,0.42833366990089417
296,,9503,0.6553442478179932,,
,0.0007027629478860774,9504,,,
297,,9535,,0.921875,0.4464516341686249
297,,9535,0.7073793411254883,,
,0.0007009565718706303,9536,,,
298,,9567,,0.875,0.5039100646972656
298,,9567,0.7061827182769775,,
,0.0006991470655605123,9568,,,
299,,9599,,0.890625,0.4927862286567688
299,,9599,0.7352070808410645,,
,0.0006973344572126566,9600,,,
300,,9631,,0.84375,0.514046311378479
300,,9631,0.7192415595054626,,
,0.0006955187751324373,9632,,,
301,,9663,,0.859375,0.4916408360004425
301,,9663,0.7729892134666443,,
,0.0006937000476732271,9664,,,
302,,9695,,0.875,0.48210078477859497
302,,9695,0.7781479954719543,,
,0.0006918783032359554,9696,,,
303,,9727,,0.859375,0.5387883186340332
303,,9727,0.6662248969078064,,
,0.0006900535702686635,9728,,,
304,,9759,,0.84375,0.48268285393714905
304,,9759,0.7012006044387817,,
,0.0006882258772660615,9760,,,
305,,9791,,0.875,0.5014466047286987
305,,9791,0.7487112879753113,,
,0.0006863952527690829,9792,,,
306,,9823,,0.859375,0.49460041522979736
306,,9823,0.6405194401741028,,
,0.0006845617253644389,9824,,,
307,,9855,,0.859375,0.5172746777534485
307,,9855,0.7903682589530945,,
,0.0006827253236841716,9856,,,
308,,9887,,0.875,0.48059868812561035
308,,9887,0.732961893081665,,
,0.0006808860764052078,9888,,,
309,,9919,,0.828125,0.500432550907135
309,,9919,0.7764731049537659,,
,0.0006790440122489102,9920,,,
310,,9951,,0.84375,0.5028545260429382
310,,9951,0.6997700929641724,,
,0.0006771991599806298,9952,,,
311,,9983,,0.875,0.482252299785614
311,,9983,0.7558875679969788,,
,0.0006753515484092562,9984,,,
312,,10015,,0.875,0.48624709248542786
312,,10015,0.7832085490226746,,
,0.0006735012063867673,10016,,,
313,,10047,,0.859375,0.4592583179473877
313,,10047,0.7552846074104309,,
,0.00067164816280778,10048,,,
314,,10079,,0.859375,0.4556097984313965
314,,10079,0.7277600765228271,,
,0.0006697924466090977,10080,,,
315,,10111,,0.890625,0.491723895072937
315,,10111,0.6403610706329346,,
,0.000667934086769259,10112,,,
316,,10143,,0.890625,0.44711655378341675
316,,10143,0.6392166018486023,,
,0.0006660731123080855,10144,,,
317,,10175,,0.859375,0.45804479718208313
317,,10175,0.7049944996833801,,
,0.0006642095522862278,10176,,,
318,,10207,,0.875,0.4458026885986328
318,,10207,0.7282212972640991,,
,0.0006623434358047123,10208,,,
319,,10239,,0.875,0.42066922783851624
319,,10239,0.7262817621231079,,
,0.0006604747920044867,10240,,,
320,,10271,,0.90625,0.4112500250339508
320,,10271,0.7314824461936951,,
,0.0006586036500659654,10272,,,
321,,10303,,0.84375,0.4552976191043854
321,,10303,0.7203244566917419,,
,0.0006567300392085722,10304,,,
322,,10335,,0.90625,0.4054233431816101
322,,10335,0.7677498459815979,,
,0.0006548539886902857,10336,,,
323,,10367,,0.890625,0.4380250573158264
323,,10367,0.6960257291793823,,
,0.000652975527807182,10368,,,
324,,10399,,0.875,0.42871880531311035
324,,10399,0.736906886100769,,
,0.0006510946858929767,10400,,,
325,,10431,,0.875,0.4445268213748932
325,,10431,0.7013652324676514,,
,0.0006492114923185672,10432,,,
326,,10463,,0.890625,0.4321444630622864
326,,10463,0.6548691987991333,,
,0.0006473259764915744,10464,,,
327,,10495,,0.859375,0.4755704998970032
327,,10495,0.7488617300987244,,
,0.0006454381678558823,10496,,,
328,,10527,,0.90625,0.4281490445137024
328,,10527,0.7327811121940613,,
,0.0006435480958911798,10528,,,
329,,10559,,0.875,0.47125107049942017
329,,10559,0.7123115658760071,,
,0.0006416557901124993,10560,,,
330,,10591,,0.875,0.4599708318710327
330,,10591,0.7360414862632751,,
,0.0006397612800697557,10592,,,
331,,10623,,0.875,0.45513516664505005
331,,10623,0.7821331024169922,,
,0.0006378645953472857,10624,,,
332,,10655,,0.890625,0.4748228192329407
332,,10655,0.7091321349143982,,
